Company,Sector,NSE,Yahoo Symbol
3M India Ltd,Industrial Products,3MINDIA,3MINDIA.NS
5Paisa Capital Ltd,Financial Services,5PAISA,5PAISA.NS
AAVAS Financiers Ltd,Financial Services,AAVAS,AAVAS.NS
ABB India Ltd,Industrial Products,ABB,ABB.NS
ACC Ltd,Cement,ACC,ACC.NS
Asian Paints Ltd,Consumer Goods,ASIANPAINT,ASIANPAINT.NS
Axis Bank Ltd,Banking,AXISBANK,AXISBANK.NS
Bajaj Finance Ltd,Financial Services,BAJFINANCE,BAJFINANCE.NS
Bharti Airtel Ltd,Telecommunications,BHARTIARTL,BHARTIARTL.NS
Britannia Industries Ltd,Consumer Goods,BRITANNIA,BRITANNIA.NS
Cipla Ltd,Pharmaceuticals,CIPLA,CIPLA.NS
Coal India Ltd,Mining & Energy,COALINDIA,COALINDIA.NS
Eicher Motors Ltd,Automobiles,EICHERMOT,EICHERMOT.NS
HCL Technologies Ltd,Information Technology,HCLTECH,HCLTECH.NS
Hindalco Industries Ltd,Metals,HINDALCO,HINDALCO.NS
Hindustan Unilever Ltd,Consumer Goods,HINDUNILVR,HINDUNILVR.NS
ICICI Bank Ltd,Banking,ICICIBANK,ICICIBANK.NS
Infosys Ltd,Information Technology,INFY,INFY.NS
ITC Ltd,Consumer Goods,ITC,ITC.NS
JSW Steel Ltd,Metals,JSWSTEEL,JSWSTEEL.NS
Kotak Mahindra Bank Ltd,Banking,KOTAKBANK,KOTAKBANK.NS
Larsen & Toubro Ltd,Engineering,LT,LT.NS
Maruti Suzuki India Ltd,Automobiles,MARUTI,MARUTI.NS
NTPC Ltd,Power,NTPC,NTPC.NS
Power Grid Corporation of India Ltd,Power,POWERGRID,POWERGRID.NS
Reliance Industries Ltd,Energy,RELIANCE,RELIANCE.NS
State Bank of India,Banking,SBIN,SBIN.NS
Tata Consultancy Services Ltd,Information Technology,TCS,TCS.NS
Tata Motors Ltd,Automobiles,TATAMOTORS,TATAMOTORS.NS
Titan Company Ltd,Consumer Goods,TITAN,TITAN.NS
Wipro Ltd,Information Technology,WIPRO,WIPRO.NS
